{
  "qubit_counts": [
    2,
    4,
    8,
    16,
    32
  ],
  "original_times": [
    0.8,
    3.2,
    12.5,
    48.2,
    195.6
  ],
  "optimized_times": [
    0.3,
    1.1,
    3.8,
    14.2,
    48.9
  ],
  "gpu_times": [
    0.2,
    0.7,
    2.1,
    7.8,
    25.3
  ],
  "memory_speedup": [
    2.666666666666667,
    2.909090909090909,
    3.2894736842105265,
    3.394366197183099,
    4.0
  ],
  "gpu_speedup": [
    4.0,
    4.571428571428572,
    5.9523809523809526,
    6.17948717948718,
    7.7312252964426875
  ],
  "algorithm_success_rates": {
    "Bell State": 98,
    "QFT": 95,
    "Grover": 92,
    "VQE": 87,
    "QAOA": 89
  }
}