{
  "timestamp": "2025-05-28T22:52:02.326011",
  "memory_usage": [
    52.7,
    52.8,
    52.7,
    52.7,
    52.6,
    52.6,
    53.1,
    53.2,
    53.3,
    53.5,
    52.6,
    52.7,
    52.8,
    52.8,
    52.8,
    52.7,
    52.9,
    53.3,
    53.5,
    53.6,
    53.8,
    52.8,
    52.9,
    52.9,
    53.0,
    52.9,
    52.9,
    52.9,
    53.4,
    53.6
  ],
  "cpu_usage": [
    31.9,
    22.7,
    24.1,
    23.0,
    23.5,
    22.3,
    25.4,
    34.2,
    23.1,
    25.2,
    26.0,
    24.6,
    21.8,
    23.0,
    22.1,
    28.6,
    20.8,
    31.3,
    35.5,
    23.5,
    28.3,
    28.9,
    26.4,
    33.6,
    22.8,
    24.4,
    26.0,
    22.7,
    29.9,
    30.6
  ],
  "avg_memory": 53.0,
  "avg_cpu": 26.206666666666667,
  "max_memory": 53.8,
  "max_cpu": 35.5
}